{"cameraMode":{"drawMode":0,"name":"Shaded","section":"Shading Mode"},"sceneLighting":true,"audioPlay":false,"sceneViewState":{"m_AlwaysRefresh":false,"showFog":true,"showSkybox":true,"showFlares":true,"showImageEffects":true,"showParticleSystems":true,"showVisualEffectGraphs":true,"m_FxEnabled":true},"in2DMode":false,"pivot":{"x":295.17120361328127,"y":78.30445098876953,"z":315.1473388671875},"rotation":{"x":-0.010660907253623009,"y":0.9886912107467651,"z":-0.12222626060247421,"w":-0.08623337000608444},"size":1.8702796697616578,"orthographic":false}